keyword,slug,cluster,search_intent,target_page,related_pages,suggested_title,priority,status,published_date,notes
chocolate toxicity calculator for dogs,chocolate-toxicity-calculator-for-dogs,chocolate,Informational,calculators/chocolate-toxicity.html,calculators/grape-toxicity.html|calculators/xylitol-toxicity.html|blog/chocolate-toxicity-guide.html,Chocolate Toxicity Calculator for Dogs: How to Know If Your Dog Is in Danger,High,published,2026-07-28,
how much chocolate can a dog eat,how-much-chocolate-can-a-dog-eat,chocolate,Informational,calculators/chocolate-toxicity.html,calculators/grape-toxicity.html|calculators/xylitol-toxicity.html|blog/chocolate-toxicity-guide.html,How Much Chocolate Can a Dog Eat Before It's Dangerous?,High,published,2026-07-28,
signs of chocolate poisoning in dogs,signs-of-chocolate-poisoning-in-dogs,chocolate,Informational,calculators/chocolate-toxicity.html,calculators/grape-toxicity.html|calculators/xylitol-toxicity.html|blog/chocolate-toxicity-guide.html,Signs of Chocolate Poisoning in Dogs: What to Watch For,High,published,2026-08-01,
what to do if dog eats chocolate,what-to-do-if-dog-eats-chocolate,chocolate,Informational,calculators/chocolate-toxicity.html,calculators/grape-toxicity.html|calculators/xylitol-toxicity.html|blog/chocolate-toxicity-guide.html,What to Do If Your Dog Eats Chocolate: A Step-by-Step Emergency Plan,High,published,2026-08-01,
chocolate toxicity calculator by weight,chocolate-toxicity-calculator-by-weight,chocolate,Informational,calculators/chocolate-toxicity.html,calculators/grape-toxicity.html|calculators/xylitol-toxicity.html|blog/chocolate-toxicity-guide.html,Chocolate Toxicity Calculator by Weight: Why Size Changes Everything,High,pending,,
is dark chocolate worse for dogs,is-dark-chocolate-worse-for-dogs,chocolate,Informational,calculators/chocolate-toxicity.html,calculators/grape-toxicity.html|calculators/xylitol-toxicity.html|blog/chocolate-toxicity-guide.html,Is Dark Chocolate Worse for Dogs? Theobromine by Chocolate Type,High,pending,,
how long does chocolate stay in a dog's system,how-long-does-chocolate-stay-in-a-dog-s-system,chocolate,Informational,calculators/chocolate-toxicity.html,calculators/grape-toxicity.html|calculators/xylitol-toxicity.html|blog/chocolate-toxicity-guide.html,How Long Does Chocolate Stay in a Dog's System?,High,pending,,
can a small amount of chocolate kill a dog,can-a-small-amount-of-chocolate-kill-a-dog,chocolate,Informational,calculators/chocolate-toxicity.html,calculators/grape-toxicity.html|calculators/xylitol-toxicity.html|blog/chocolate-toxicity-guide.html,Can a Small Amount of Chocolate Kill a Dog? Dose Thresholds Explained,High,pending,,
chocolate toxicity calculator mg/kg,chocolate-toxicity-calculator-mg-kg,chocolate,Informational,calculators/chocolate-toxicity.html,calculators/grape-toxicity.html|calculators/xylitol-toxicity.html|blog/chocolate-toxicity-guide.html,Chocolate Toxicity in mg/kg: The Number Vets Actually Use,High,pending,,
my dog ate a chocolate chip cookie,my-dog-ate-a-chocolate-chip-cookie,chocolate,Informational,calculators/chocolate-toxicity.html,calculators/grape-toxicity.html|calculators/xylitol-toxicity.html|blog/chocolate-toxicity-guide.html,My Dog Ate a Chocolate Chip Cookie: Should You Panic?,High,pending,,
dog ate brownie what to do,dog-ate-brownie-what-to-do,chocolate,Informational,calculators/chocolate-toxicity.html,calculators/grape-toxicity.html|calculators/xylitol-toxicity.html|blog/chocolate-toxicity-guide.html,Dog Ate a Brownie? Here's Exactly What to Do,High,pending,,
puppy ate chocolate danger,puppy-ate-chocolate-danger,chocolate,Informational,calculators/chocolate-toxicity.html,calculators/grape-toxicity.html|calculators/xylitol-toxicity.html|blog/chocolate-toxicity-guide.html,Puppy Ate Chocolate: Why Small Dogs Are at Highest Risk,High,pending,,
dog calorie calculator by weight,dog-calorie-calculator-by-weight,dog_calorie,Informational,calculators/dog-calorie.html,calculators/dog-breed-calorie.html|calculators/pet-bmi.html|calculators/dog-water.html,Dog Calorie Calculator by Weight: Find Your Dog's Daily Need,High,pending,,
how many calories should my dog eat per day,how-many-calories-should-my-dog-eat-per-day,dog_calorie,Informational,calculators/dog-calorie.html,calculators/dog-breed-calorie.html|calculators/pet-bmi.html|calculators/dog-water.html,How Many Calories Should My Dog Eat per Day?,High,pending,,
calories needed for a senior dog,calories-needed-for-a-senior-dog,dog_calorie,Informational,calculators/dog-calorie.html,calculators/dog-breed-calorie.html|calculators/pet-bmi.html|calculators/dog-water.html,Calories Needed for a Senior Dog (and How They Differ),High,pending,,
dog calorie calculator for weight loss,dog-calorie-calculator-for-weight-loss,dog_calorie,Informational,calculators/dog-calorie.html,calculators/dog-breed-calorie.html|calculators/pet-bmi.html|calculators/dog-water.html,Dog Calorie Calculator for Weight Loss: Safe Daily Targets,High,pending,,
how much to feed my dog to lose weight,how-much-to-feed-my-dog-to-lose-weight,dog_calorie,Informational,calculators/dog-calorie.html,calculators/dog-breed-calorie.html|calculators/pet-bmi.html|calculators/dog-water.html,How Much to Feed My Dog to Lose Weight,High,pending,,
resting energy requirement dog calculator,resting-energy-requirement-dog-calculator,dog_calorie,Informational,calculators/dog-calorie.html,calculators/dog-breed-calorie.html|calculators/pet-bmi.html|calculators/dog-water.html,Resting Energy Requirement (RER) for Dogs: The Formula Behind the Calculator,High,pending,,
how to calculate dog food portions,how-to-calculate-dog-food-portions,dog_calorie,Informational,calculators/dog-calorie.html,calculators/dog-breed-calorie.html|calculators/pet-bmi.html|calculators/dog-water.html,How to Calculate Dog Food Portions by Calorie,High,pending,,
dog feeding chart by weight and age,dog-feeding-chart-by-weight-and-age,dog_calorie,Informational,calculators/dog-calorie.html,calculators/dog-breed-calorie.html|calculators/pet-bmi.html|calculators/dog-water.html,Dog Feeding Chart by Weight and Age,High,pending,,
calorie needs for small breed dogs,calorie-needs-for-small-breed-dogs,dog_calorie,Informational,calculators/dog-calorie.html,calculators/dog-breed-calorie.html|calculators/pet-bmi.html|calculators/dog-water.html,Calorie Needs for Small Breed Dogs,High,pending,,
calorie needs for large breed dogs,calorie-needs-for-large-breed-dogs,dog_calorie,Informational,calculators/dog-calorie.html,calculators/dog-breed-calorie.html|calculators/pet-bmi.html|calculators/dog-water.html,Calorie Needs for Large Breed Dogs,High,pending,,
dog food calculator cups per day,dog-food-calculator-cups-per-day,dog_calorie,Informational,calculators/dog-calorie.html,calculators/dog-breed-calorie.html|calculators/pet-bmi.html|calculators/dog-water.html,Dog Food Calculator: Cups per Day From Calories,High,pending,,
how many kcal should a dog eat a day,how-many-kcal-should-a-dog-eat-a-day,dog_calorie,Informational,calculators/dog-calorie.html,calculators/dog-breed-calorie.html|calculators/pet-bmi.html|calculators/dog-water.html,How Many kcal Should a Dog Eat a Day?,High,pending,,
labrador retriever calorie calculator,labrador-retriever-calorie-calculator,dog_calorie,Informational,calculators/dog-calorie.html,calculators/dog-breed-calorie.html|calculators/pet-bmi.html|calculators/dog-water.html,Labrador Retriever Calorie Calculator: Daily Food Needs,High,pending,,
how much to feed a labrador retriever,how-much-to-feed-a-labrador-retriever,dog_calorie,Informational,calculators/dog-calorie.html,calculators/dog-breed-calorie.html|calculators/pet-bmi.html|calculators/dog-water.html,How Much to Feed a Labrador Retriever: Portions by Weight and Age,High,pending,,
golden retriever calorie calculator,golden-retriever-calorie-calculator,dog_calorie,Informational,calculators/dog-calorie.html,calculators/dog-breed-calorie.html|calculators/pet-bmi.html|calculators/dog-water.html,Golden Retriever Calorie Calculator: Daily Food Needs,High,pending,,
how much to feed a golden retriever,how-much-to-feed-a-golden-retriever,dog_calorie,Informational,calculators/dog-calorie.html,calculators/dog-breed-calorie.html|calculators/pet-bmi.html|calculators/dog-water.html,How Much to Feed a Golden Retriever: Portions by Weight and Age,High,pending,,
french bulldog calorie calculator,french-bulldog-calorie-calculator,dog_calorie,Informational,calculators/dog-calorie.html,calculators/dog-breed-calorie.html|calculators/pet-bmi.html|calculators/dog-water.html,French Bulldog Calorie Calculator: Daily Food Needs,High,pending,,
how much to feed a french bulldog,how-much-to-feed-a-french-bulldog,dog_calorie,Informational,calculators/dog-calorie.html,calculators/dog-breed-calorie.html|calculators/pet-bmi.html|calculators/dog-water.html,How Much to Feed a French Bulldog: Portions by Weight and Age,High,pending,,
german shepherd calorie calculator,german-shepherd-calorie-calculator,dog_calorie,Informational,calculators/dog-calorie.html,calculators/dog-breed-calorie.html|calculators/pet-bmi.html|calculators/dog-water.html,German Shepherd Calorie Calculator: Daily Food Needs,High,pending,,
how much to feed a german shepherd,how-much-to-feed-a-german-shepherd,dog_calorie,Informational,calculators/dog-calorie.html,calculators/dog-breed-calorie.html|calculators/pet-bmi.html|calculators/dog-water.html,How Much to Feed a German Shepherd: Portions by Weight and Age,High,pending,,
bulldog calorie calculator,bulldog-calorie-calculator,dog_calorie,Informational,calculators/dog-calorie.html,calculators/dog-breed-calorie.html|calculators/pet-bmi.html|calculators/dog-water.html,Bulldog Calorie Calculator: Daily Food Needs,High,pending,,
how much to feed a bulldog,how-much-to-feed-a-bulldog,dog_calorie,Informational,calculators/dog-calorie.html,calculators/dog-breed-calorie.html|calculators/pet-bmi.html|calculators/dog-water.html,How Much to Feed a Bulldog: Portions by Weight and Age,High,pending,,
poodle calorie calculator,poodle-calorie-calculator,dog_calorie,Informational,calculators/dog-calorie.html,calculators/dog-breed-calorie.html|calculators/pet-bmi.html|calculators/dog-water.html,Poodle Calorie Calculator: Daily Food Needs,High,pending,,
how much to feed a poodle,how-much-to-feed-a-poodle,dog_calorie,Informational,calculators/dog-calorie.html,calculators/dog-breed-calorie.html|calculators/pet-bmi.html|calculators/dog-water.html,How Much to Feed a Poodle: Portions by Weight and Age,High,pending,,
beagle calorie calculator,beagle-calorie-calculator,dog_calorie,Informational,calculators/dog-calorie.html,calculators/dog-breed-calorie.html|calculators/pet-bmi.html|calculators/dog-water.html,Beagle Calorie Calculator: Daily Food Needs,High,pending,,
how much to feed a beagle,how-much-to-feed-a-beagle,dog_calorie,Informational,calculators/dog-calorie.html,calculators/dog-breed-calorie.html|calculators/pet-bmi.html|calculators/dog-water.html,How Much to Feed a Beagle: Portions by Weight and Age,High,pending,,
yorkshire terrier calorie calculator,yorkshire-terrier-calorie-calculator,dog_calorie,Informational,calculators/dog-calorie.html,calculators/dog-breed-calorie.html|calculators/pet-bmi.html|calculators/dog-water.html,Yorkshire Terrier Calorie Calculator: Daily Food Needs,High,pending,,
how much to feed a yorkshire terrier,how-much-to-feed-a-yorkshire-terrier,dog_calorie,Informational,calculators/dog-calorie.html,calculators/dog-breed-calorie.html|calculators/pet-bmi.html|calculators/dog-water.html,How Much to Feed a Yorkshire Terrier: Portions by Weight and Age,High,pending,,
chihuahua calorie calculator,chihuahua-calorie-calculator,dog_calorie,Informational,calculators/dog-calorie.html,calculators/dog-breed-calorie.html|calculators/pet-bmi.html|calculators/dog-water.html,Chihuahua Calorie Calculator: Daily Food Needs,High,pending,,
how much to feed a chihuahua,how-much-to-feed-a-chihuahua,dog_calorie,Informational,calculators/dog-calorie.html,calculators/dog-breed-calorie.html|calculators/pet-bmi.html|calculators/dog-water.html,How Much to Feed a Chihuahua: Portions by Weight and Age,High,pending,,
shih tzu calorie calculator,shih-tzu-calorie-calculator,dog_calorie,Informational,calculators/dog-calorie.html,calculators/dog-breed-calorie.html|calculators/pet-bmi.html|calculators/dog-water.html,Shih Tzu Calorie Calculator: Daily Food Needs,High,pending,,
how much to feed a shih tzu,how-much-to-feed-a-shih-tzu,dog_calorie,Informational,calculators/dog-calorie.html,calculators/dog-breed-calorie.html|calculators/pet-bmi.html|calculators/dog-water.html,How Much to Feed a Shih Tzu: Portions by Weight and Age,High,pending,,
dachshund calorie calculator,dachshund-calorie-calculator,dog_calorie,Informational,calculators/dog-calorie.html,calculators/dog-breed-calorie.html|calculators/pet-bmi.html|calculators/dog-water.html,Dachshund Calorie Calculator: Daily Food Needs,High,pending,,
how much to feed a dachshund,how-much-to-feed-a-dachshund,dog_calorie,Informational,calculators/dog-calorie.html,calculators/dog-breed-calorie.html|calculators/pet-bmi.html|calculators/dog-water.html,How Much to Feed a Dachshund: Portions by Weight and Age,High,pending,,
boxer calorie calculator,boxer-calorie-calculator,dog_calorie,Informational,calculators/dog-calorie.html,calculators/dog-breed-calorie.html|calculators/pet-bmi.html|calculators/dog-water.html,Boxer Calorie Calculator: Daily Food Needs,High,pending,,
how much to feed a boxer,how-much-to-feed-a-boxer,dog_calorie,Informational,calculators/dog-calorie.html,calculators/dog-breed-calorie.html|calculators/pet-bmi.html|calculators/dog-water.html,How Much to Feed a Boxer: Portions by Weight and Age,High,pending,,
siberian husky calorie calculator,siberian-husky-calorie-calculator,dog_calorie,Informational,calculators/dog-calorie.html,calculators/dog-breed-calorie.html|calculators/pet-bmi.html|calculators/dog-water.html,Siberian Husky Calorie Calculator: Daily Food Needs,High,pending,,
how much to feed a siberian husky,how-much-to-feed-a-siberian-husky,dog_calorie,Informational,calculators/dog-calorie.html,calculators/dog-breed-calorie.html|calculators/pet-bmi.html|calculators/dog-water.html,How Much to Feed a Siberian Husky: Portions by Weight and Age,High,pending,,
pomeranian calorie calculator,pomeranian-calorie-calculator,dog_calorie,Informational,calculators/dog-calorie.html,calculators/dog-breed-calorie.html|calculators/pet-bmi.html|calculators/dog-water.html,Pomeranian Calorie Calculator: Daily Food Needs,High,pending,,
how much to feed a pomeranian,how-much-to-feed-a-pomeranian,dog_calorie,Informational,calculators/dog-calorie.html,calculators/dog-breed-calorie.html|calculators/pet-bmi.html|calculators/dog-water.html,How Much to Feed a Pomeranian: Portions by Weight and Age,High,pending,,
cavalier king charles spaniel calorie calculator,cavalier-king-charles-spaniel-calorie-calculator,dog_calorie,Informational,calculators/dog-calorie.html,calculators/dog-breed-calorie.html|calculators/pet-bmi.html|calculators/dog-water.html,Cavalier King Charles Spaniel Calorie Calculator: Daily Food Needs,High,pending,,
how much to feed a cavalier king charles spaniel,how-much-to-feed-a-cavalier-king-charles-spaniel,dog_calorie,Informational,calculators/dog-calorie.html,calculators/dog-breed-calorie.html|calculators/pet-bmi.html|calculators/dog-water.html,How Much to Feed a Cavalier King Charles Spaniel: Portions by Weight and Age,High,pending,,
cocker spaniel calorie calculator,cocker-spaniel-calorie-calculator,dog_calorie,Informational,calculators/dog-calorie.html,calculators/dog-breed-calorie.html|calculators/pet-bmi.html|calculators/dog-water.html,Cocker Spaniel Calorie Calculator: Daily Food Needs,High,pending,,
how much to feed a cocker spaniel,how-much-to-feed-a-cocker-spaniel,dog_calorie,Informational,calculators/dog-calorie.html,calculators/dog-breed-calorie.html|calculators/pet-bmi.html|calculators/dog-water.html,How Much to Feed a Cocker Spaniel: Portions by Weight and Age,High,pending,,
rottweiler calorie calculator,rottweiler-calorie-calculator,dog_calorie,Informational,calculators/dog-calorie.html,calculators/dog-breed-calorie.html|calculators/pet-bmi.html|calculators/dog-water.html,Rottweiler Calorie Calculator: Daily Food Needs,High,pending,,
how much to feed a rottweiler,how-much-to-feed-a-rottweiler,dog_calorie,Informational,calculators/dog-calorie.html,calculators/dog-breed-calorie.html|calculators/pet-bmi.html|calculators/dog-water.html,How Much to Feed a Rottweiler: Portions by Weight and Age,High,pending,,
great dane calorie calculator,great-dane-calorie-calculator,dog_calorie,Informational,calculators/dog-calorie.html,calculators/dog-breed-calorie.html|calculators/pet-bmi.html|calculators/dog-water.html,Great Dane Calorie Calculator: Daily Food Needs,High,pending,,
how much to feed a great dane,how-much-to-feed-a-great-dane,dog_calorie,Informational,calculators/dog-calorie.html,calculators/dog-breed-calorie.html|calculators/pet-bmi.html|calculators/dog-water.html,How Much to Feed a Great Dane: Portions by Weight and Age,High,pending,,
border collie calorie calculator,border-collie-calorie-calculator,dog_calorie,Informational,calculators/dog-calorie.html,calculators/dog-breed-calorie.html|calculators/pet-bmi.html|calculators/dog-water.html,Border Collie Calorie Calculator: Daily Food Needs,High,pending,,
how much to feed a border collie,how-much-to-feed-a-border-collie,dog_calorie,Informational,calculators/dog-calorie.html,calculators/dog-breed-calorie.html|calculators/pet-bmi.html|calculators/dog-water.html,How Much to Feed a Border Collie: Portions by Weight and Age,High,pending,,
australian shepherd calorie calculator,australian-shepherd-calorie-calculator,dog_calorie,Informational,calculators/dog-calorie.html,calculators/dog-breed-calorie.html|calculators/pet-bmi.html|calculators/dog-water.html,Australian Shepherd Calorie Calculator: Daily Food Needs,High,pending,,
how much to feed a australian shepherd,how-much-to-feed-a-australian-shepherd,dog_calorie,Informational,calculators/dog-calorie.html,calculators/dog-breed-calorie.html|calculators/pet-bmi.html|calculators/dog-water.html,How Much to Feed a Australian Shepherd: Portions by Weight and Age,High,pending,,
cat calorie calculator by weight,cat-calorie-calculator-by-weight,cat_calorie,Informational,calculators/cat-calorie.html,calculators/cat-water.html|calculators/cat-life.html|calculators/pet-bmi.html,Cat Calorie Calculator by Weight,High,pending,,
how many calories should my cat eat per day,how-many-calories-should-my-cat-eat-per-day,cat_calorie,Informational,calculators/cat-calorie.html,calculators/cat-water.html|calculators/cat-life.html|calculators/pet-bmi.html,How Many Calories Should My Cat Eat per Day?,High,pending,,
calories needed for an indoor cat,calories-needed-for-an-indoor-cat,cat_calorie,Informational,calculators/cat-calorie.html,calculators/cat-water.html|calculators/cat-life.html|calculators/pet-bmi.html,Calories Needed for an Indoor Cat vs Outdoor Cat,High,pending,,
cat feeding chart by weight,cat-feeding-chart-by-weight,cat_calorie,Informational,calculators/cat-calorie.html,calculators/cat-water.html|calculators/cat-life.html|calculators/pet-bmi.html,Cat Feeding Chart by Weight,High,pending,,
how much to feed my cat to lose weight,how-much-to-feed-my-cat-to-lose-weight,cat_calorie,Informational,calculators/cat-calorie.html,calculators/cat-water.html|calculators/cat-life.html|calculators/pet-bmi.html,How Much to Feed My Cat to Lose Weight,High,pending,,
wet food vs dry food calories for cats,wet-food-vs-dry-food-calories-for-cats,cat_calorie,Informational,calculators/cat-calorie.html,calculators/cat-water.html|calculators/cat-life.html|calculators/pet-bmi.html,Wet Food vs Dry Food Calories for Cats,High,pending,,
maine coon cat calorie calculator,maine-coon-cat-calorie-calculator,cat_calorie,Informational,calculators/cat-calorie.html,calculators/cat-water.html|calculators/cat-life.html|calculators/pet-bmi.html,Maine Coon Cat Calorie Calculator: Daily Needs,High,pending,,
ragdoll cat calorie calculator,ragdoll-cat-calorie-calculator,cat_calorie,Informational,calculators/cat-calorie.html,calculators/cat-water.html|calculators/cat-life.html|calculators/pet-bmi.html,Ragdoll Cat Calorie Calculator: Daily Needs,High,pending,,
persian cat calorie calculator,persian-cat-calorie-calculator,cat_calorie,Informational,calculators/cat-calorie.html,calculators/cat-water.html|calculators/cat-life.html|calculators/pet-bmi.html,Persian Cat Calorie Calculator: Daily Needs,High,pending,,
siamese cat calorie calculator,siamese-cat-calorie-calculator,cat_calorie,Informational,calculators/cat-calorie.html,calculators/cat-water.html|calculators/cat-life.html|calculators/pet-bmi.html,Siamese Cat Calorie Calculator: Daily Needs,High,pending,,
british shorthair cat calorie calculator,british-shorthair-cat-calorie-calculator,cat_calorie,Informational,calculators/cat-calorie.html,calculators/cat-water.html|calculators/cat-life.html|calculators/pet-bmi.html,British Shorthair Cat Calorie Calculator: Daily Needs,High,pending,,
bengal cat calorie calculator,bengal-cat-calorie-calculator,cat_calorie,Informational,calculators/cat-calorie.html,calculators/cat-water.html|calculators/cat-life.html|calculators/pet-bmi.html,Bengal Cat Calorie Calculator: Daily Needs,High,pending,,
sphynx cat calorie calculator,sphynx-cat-calorie-calculator,cat_calorie,Informational,calculators/cat-calorie.html,calculators/cat-water.html|calculators/cat-life.html|calculators/pet-bmi.html,Sphynx Cat Calorie Calculator: Daily Needs,High,pending,,
domestic shorthair cat calorie calculator,domestic-shorthair-cat-calorie-calculator,cat_calorie,Informational,calculators/cat-calorie.html,calculators/cat-water.html|calculators/cat-life.html|calculators/pet-bmi.html,Domestic Shorthair Cat Calorie Calculator: Daily Needs,High,pending,,
norwegian forest cat calorie calculator,norwegian-forest-cat-calorie-calculator,cat_calorie,Informational,calculators/cat-calorie.html,calculators/cat-water.html|calculators/cat-life.html|calculators/pet-bmi.html,Norwegian Forest Cat Calorie Calculator: Daily Needs,High,pending,,
scottish fold cat calorie calculator,scottish-fold-cat-calorie-calculator,cat_calorie,Informational,calculators/cat-calorie.html,calculators/cat-water.html|calculators/cat-life.html|calculators/pet-bmi.html,Scottish Fold Cat Calorie Calculator: Daily Needs,High,pending,,
grape toxicity calculator for dogs,grape-toxicity-calculator-for-dogs,grape,Informational,calculators/grape-toxicity.html,calculators/chocolate-toxicity.html|calculators/onion-toxicity.html,Grape Toxicity Calculator for Dogs: Why Raisins Are Risky,High,pending,,
how many grapes can kill a dog,how-many-grapes-can-kill-a-dog,grape,Informational,calculators/grape-toxicity.html,calculators/chocolate-toxicity.html|calculators/onion-toxicity.html,How Many Grapes Can Kill a Dog?,High,pending,,
are raisins toxic to dogs,are-raisins-toxic-to-dogs,grape,Informational,calculators/grape-toxicity.html,calculators/chocolate-toxicity.html|calculators/onion-toxicity.html,Are Raisins Toxic to Dogs? The Kidney-Failure Link,High,pending,,
my dog ate one grape what to do,my-dog-ate-one-grape-what-to-do,grape,Informational,calculators/grape-toxicity.html,calculators/chocolate-toxicity.html|calculators/onion-toxicity.html,My Dog Ate One Grape: What to Do,High,pending,,
grape toxicity calculator by weight,grape-toxicity-calculator-by-weight,grape,Informational,calculators/grape-toxicity.html,calculators/chocolate-toxicity.html|calculators/onion-toxicity.html,Grape Toxicity Calculator by Weight,High,pending,,
can cats eat grapes,can-cats-eat-grapes,grape,Informational,calculators/grape-toxicity.html,calculators/chocolate-toxicity.html|calculators/onion-toxicity.html,Can Cats Eat Grapes? Grape Toxicity in Cats,High,pending,,
xylitol toxicity calculator for dogs,xylitol-toxicity-calculator-for-dogs,xylitol,Informational,calculators/xylitol-toxicity.html,calculators/chocolate-toxicity.html|calculators/grape-toxicity.html,Xylitol Toxicity Calculator for Dogs: Sugar-Free Danger,High,pending,,
how much xylitol is toxic to a dog,how-much-xylitol-is-toxic-to-a-dog,xylitol,Informational,calculators/xylitol-toxicity.html,calculators/chocolate-toxicity.html|calculators/grape-toxicity.html,How Much Xylitol Is Toxic to a Dog?,High,pending,,
xylitol in peanut butter for dogs,xylitol-in-peanut-butter-for-dogs,xylitol,Informational,calculators/xylitol-toxicity.html,calculators/chocolate-toxicity.html|calculators/grape-toxicity.html,Xylitol in Peanut Butter for Dogs: How to Check,High,pending,,
my dog ate sugar free gum,my-dog-ate-sugar-free-gum,xylitol,Informational,calculators/xylitol-toxicity.html,calculators/chocolate-toxicity.html|calculators/grape-toxicity.html,My Dog Ate Sugar-Free Gum: Emergency Steps,High,pending,,
signs of xylitol poisoning in dogs,signs-of-xylitol-poisoning-in-dogs,xylitol,Informational,calculators/xylitol-toxicity.html,calculators/chocolate-toxicity.html|calculators/grape-toxicity.html,Signs of Xylitol Poisoning in Dogs,High,pending,,
xylitol toxicity calculator by weight,xylitol-toxicity-calculator-by-weight,xylitol,Informational,calculators/xylitol-toxicity.html,calculators/chocolate-toxicity.html|calculators/grape-toxicity.html,Xylitol Toxicity Calculator by Weight,High,pending,,
onion toxicity calculator for dogs,onion-toxicity-calculator-for-dogs,onion,Informational,calculators/onion-toxicity.html,calculators/grape-toxicity.html|calculators/chocolate-toxicity.html,Onion Toxicity Calculator for Dogs: Alliums Explained,High,pending,,
can dogs eat onion powder,can-dogs-eat-onion-powder,onion,Informational,calculators/onion-toxicity.html,calculators/grape-toxicity.html|calculators/chocolate-toxicity.html,Can Dogs Eat Onion Powder? Hidden Allium Risk,High,pending,,
how much onion is toxic to a dog,how-much-onion-is-toxic-to-a-dog,onion,Informational,calculators/onion-toxicity.html,calculators/grape-toxicity.html|calculators/chocolate-toxicity.html,How Much Onion Is Toxic to a Dog?,High,pending,,
are scallions toxic to dogs,are-scallions-toxic-to-dogs,onion,Informational,calculators/onion-toxicity.html,calculators/grape-toxicity.html|calculators/chocolate-toxicity.html,Are Scallions Toxic to Dogs?,High,pending,,
garlic toxicity in dogs calculator,garlic-toxicity-in-dogs-calculator,onion,Informational,calculators/onion-toxicity.html,calculators/grape-toxicity.html|calculators/chocolate-toxicity.html,Garlic Toxicity in Dogs: Calculator and Thresholds,High,pending,,
my dog ate a small piece of onion,my-dog-ate-a-small-piece-of-onion,onion,Informational,calculators/onion-toxicity.html,calculators/grape-toxicity.html|calculators/chocolate-toxicity.html,My Dog Ate a Small Piece of Onion: What to Do,High,pending,,
ibuprofen toxicity calculator for dogs,ibuprofen-toxicity-calculator-for-dogs,ibuprofen,Informational,calculators/ibuprofen-toxicity.html,calculators/chocolate-toxicity.html|calculators/onion-toxicity.html,Ibuprofen (Advil) Toxicity Calculator for Dogs,High,pending,,
can i give my dog ibuprofen for pain,can-i-give-my-dog-ibuprofen-for-pain,ibuprofen,Informational,calculators/ibuprofen-toxicity.html,calculators/chocolate-toxicity.html|calculators/onion-toxicity.html,Can I Give My Dog Ibuprofen for Pain? (No — Here's Why),High,pending,,
how much ibuprofen is toxic to a dog,how-much-ibuprofen-is-toxic-to-a-dog,ibuprofen,Informational,calculators/ibuprofen-toxicity.html,calculators/chocolate-toxicity.html|calculators/onion-toxicity.html,How Much Ibuprofen Is Toxic to a Dog?,High,pending,,
my dog ate one ibuprofen what to do,my-dog-ate-one-ibuprofen-what-to-do,ibuprofen,Informational,calculators/ibuprofen-toxicity.html,calculators/chocolate-toxicity.html|calculators/onion-toxicity.html,My Dog Ate One Ibuprofen: Emergency Steps,High,pending,,
ibuprofen toxicity calculator by weight,ibuprofen-toxicity-calculator-by-weight,ibuprofen,Informational,calculators/ibuprofen-toxicity.html,calculators/chocolate-toxicity.html|calculators/onion-toxicity.html,Ibuprofen Toxicity Calculator by Weight,High,pending,,
naproxen toxicity in dogs,naproxen-toxicity-in-dogs,ibuprofen,Informational,calculators/ibuprofen-toxicity.html,calculators/chocolate-toxicity.html|calculators/onion-toxicity.html,"Naproxen Toxicity in Dogs: Same Danger, Different Pill",High,pending,,
dog age calculator in human years,dog-age-calculator-in-human-years,dog_age,Informational,calculators/dog-age.html,calculators/dog-life.html|blog/dog-age-science.html|calculators/pet-bmi.html,Dog Age Calculator in Human Years: The Real Math,High,pending,,
dog years to human years calculator,dog-years-to-human-years-calculator,dog_age,Informational,calculators/dog-age.html,calculators/dog-life.html|blog/dog-age-science.html|calculators/pet-bmi.html,Dog Years to Human Years Calculator,High,pending,,
how old is my dog in human years,how-old-is-my-dog-in-human-years,dog_age,Informational,calculators/dog-age.html,calculators/dog-life.html|blog/dog-age-science.html|calculators/pet-bmi.html,How Old Is My Dog in Human Years?,High,pending,,
dog age calculator by breed,dog-age-calculator-by-breed,dog_age,Informational,calculators/dog-age.html,calculators/dog-life.html|blog/dog-age-science.html|calculators/pet-bmi.html,Dog Age Calculator by Breed,High,pending,,
senior dog age in human years,senior-dog-age-in-human-years,dog_age,Informational,calculators/dog-age.html,calculators/dog-life.html|blog/dog-age-science.html|calculators/pet-bmi.html,Senior Dog Age in Human Years,High,pending,,
labrador retriever age in human years,labrador-retriever-age-in-human-years,dog_age,Informational,calculators/dog-age.html,calculators/dog-life.html|blog/dog-age-science.html|calculators/pet-bmi.html,Labrador Retriever Age in Human Years: Breed-Specific Aging,High,pending,,
golden retriever age in human years,golden-retriever-age-in-human-years,dog_age,Informational,calculators/dog-age.html,calculators/dog-life.html|blog/dog-age-science.html|calculators/pet-bmi.html,Golden Retriever Age in Human Years: Breed-Specific Aging,High,pending,,
french bulldog age in human years,french-bulldog-age-in-human-years,dog_age,Informational,calculators/dog-age.html,calculators/dog-life.html|blog/dog-age-science.html|calculators/pet-bmi.html,French Bulldog Age in Human Years: Breed-Specific Aging,High,pending,,
german shepherd age in human years,german-shepherd-age-in-human-years,dog_age,Informational,calculators/dog-age.html,calculators/dog-life.html|blog/dog-age-science.html|calculators/pet-bmi.html,German Shepherd Age in Human Years: Breed-Specific Aging,High,pending,,
bulldog age in human years,bulldog-age-in-human-years,dog_age,Informational,calculators/dog-age.html,calculators/dog-life.html|blog/dog-age-science.html|calculators/pet-bmi.html,Bulldog Age in Human Years: Breed-Specific Aging,High,pending,,
poodle age in human years,poodle-age-in-human-years,dog_age,Informational,calculators/dog-age.html,calculators/dog-life.html|blog/dog-age-science.html|calculators/pet-bmi.html,Poodle Age in Human Years: Breed-Specific Aging,High,pending,,
beagle age in human years,beagle-age-in-human-years,dog_age,Informational,calculators/dog-age.html,calculators/dog-life.html|blog/dog-age-science.html|calculators/pet-bmi.html,Beagle Age in Human Years: Breed-Specific Aging,High,pending,,
yorkshire terrier age in human years,yorkshire-terrier-age-in-human-years,dog_age,Informational,calculators/dog-age.html,calculators/dog-life.html|blog/dog-age-science.html|calculators/pet-bmi.html,Yorkshire Terrier Age in Human Years: Breed-Specific Aging,High,pending,,
chihuahua age in human years,chihuahua-age-in-human-years,dog_age,Informational,calculators/dog-age.html,calculators/dog-life.html|blog/dog-age-science.html|calculators/pet-bmi.html,Chihuahua Age in Human Years: Breed-Specific Aging,High,pending,,
shih tzu age in human years,shih-tzu-age-in-human-years,dog_age,Informational,calculators/dog-age.html,calculators/dog-life.html|blog/dog-age-science.html|calculators/pet-bmi.html,Shih Tzu Age in Human Years: Breed-Specific Aging,High,pending,,
dachshund age in human years,dachshund-age-in-human-years,dog_age,Informational,calculators/dog-age.html,calculators/dog-life.html|blog/dog-age-science.html|calculators/pet-bmi.html,Dachshund Age in Human Years: Breed-Specific Aging,High,pending,,
boxer age in human years,boxer-age-in-human-years,dog_age,Informational,calculators/dog-age.html,calculators/dog-life.html|blog/dog-age-science.html|calculators/pet-bmi.html,Boxer Age in Human Years: Breed-Specific Aging,High,pending,,
cat age calculator in human years,cat-age-calculator-in-human-years,cat_age,Informational,calculators/cat-age.html,calculators/cat-life.html|blog/indoor-vs-outdoor-cats.html,Cat Age Calculator in Human Years,Medium,pending,,
cat years to human years calculator,cat-years-to-human-years-calculator,cat_age,Informational,calculators/cat-age.html,calculators/cat-life.html|blog/indoor-vs-outdoor-cats.html,Cat Years to Human Years Calculator,Medium,pending,,
how old is my cat in human years,how-old-is-my-cat-in-human-years,cat_age,Informational,calculators/cat-age.html,calculators/cat-life.html|blog/indoor-vs-outdoor-cats.html,How Old Is My Cat in Human Years?,Medium,pending,,
senior cat age in human years,senior-cat-age-in-human-years,cat_age,Informational,calculators/cat-age.html,calculators/cat-life.html|blog/indoor-vs-outdoor-cats.html,Senior Cat Age in Human Years,Medium,pending,,
maine coon cat age in human years,maine-coon-cat-age-in-human-years,cat_age,Informational,calculators/cat-age.html,calculators/cat-life.html|blog/indoor-vs-outdoor-cats.html,Maine Coon Cat Age in Human Years,Medium,pending,,
ragdoll cat age in human years,ragdoll-cat-age-in-human-years,cat_age,Informational,calculators/cat-age.html,calculators/cat-life.html|blog/indoor-vs-outdoor-cats.html,Ragdoll Cat Age in Human Years,Medium,pending,,
persian cat age in human years,persian-cat-age-in-human-years,cat_age,Informational,calculators/cat-age.html,calculators/cat-life.html|blog/indoor-vs-outdoor-cats.html,Persian Cat Age in Human Years,Medium,pending,,
siamese cat age in human years,siamese-cat-age-in-human-years,cat_age,Informational,calculators/cat-age.html,calculators/cat-life.html|blog/indoor-vs-outdoor-cats.html,Siamese Cat Age in Human Years,Medium,pending,,
british shorthair cat age in human years,british-shorthair-cat-age-in-human-years,cat_age,Informational,calculators/cat-age.html,calculators/cat-life.html|blog/indoor-vs-outdoor-cats.html,British Shorthair Cat Age in Human Years,Medium,pending,,
bengal cat age in human years,bengal-cat-age-in-human-years,cat_age,Informational,calculators/cat-age.html,calculators/cat-life.html|blog/indoor-vs-outdoor-cats.html,Bengal Cat Age in Human Years,Medium,pending,,
dog life expectancy calculator,dog-life-expectancy-calculator,dog_life,Informational,calculators/dog-life.html,calculators/dog-age.html|blog/dog-age-science.html,Dog Life Expectancy Calculator: What to Expect,High,pending,,
average lifespan of a dog by breed,average-lifespan-of-a-dog-by-breed,dog_life,Informational,calculators/dog-life.html,calculators/dog-age.html|blog/dog-age-science.html,Average Lifespan of a Dog by Breed,High,pending,,
how to help my dog live longer,how-to-help-my-dog-live-longer,dog_life,Informational,calculators/dog-life.html,calculators/dog-age.html|blog/dog-age-science.html,How to Help My Dog Live Longer: Evidence-Based Tips,High,pending,,
small vs large breed lifespan,small-vs-large-breed-lifespan,dog_life,Informational,calculators/dog-life.html,calculators/dog-age.html|blog/dog-age-science.html,Small vs Large Breed Lifespan: Why Big Dogs Die Younger,High,pending,,
labrador retriever life expectancy,labrador-retriever-life-expectancy,dog_life,Informational,calculators/dog-life.html,calculators/dog-age.html|blog/dog-age-science.html,Labrador Retriever Life Expectancy: What Owners Should Know,High,pending,,
golden retriever life expectancy,golden-retriever-life-expectancy,dog_life,Informational,calculators/dog-life.html,calculators/dog-age.html|blog/dog-age-science.html,Golden Retriever Life Expectancy: What Owners Should Know,High,pending,,
french bulldog life expectancy,french-bulldog-life-expectancy,dog_life,Informational,calculators/dog-life.html,calculators/dog-age.html|blog/dog-age-science.html,French Bulldog Life Expectancy: What Owners Should Know,High,pending,,
german shepherd life expectancy,german-shepherd-life-expectancy,dog_life,Informational,calculators/dog-life.html,calculators/dog-age.html|blog/dog-age-science.html,German Shepherd Life Expectancy: What Owners Should Know,High,pending,,
bulldog life expectancy,bulldog-life-expectancy,dog_life,Informational,calculators/dog-life.html,calculators/dog-age.html|blog/dog-age-science.html,Bulldog Life Expectancy: What Owners Should Know,High,pending,,
poodle life expectancy,poodle-life-expectancy,dog_life,Informational,calculators/dog-life.html,calculators/dog-age.html|blog/dog-age-science.html,Poodle Life Expectancy: What Owners Should Know,High,pending,,
beagle life expectancy,beagle-life-expectancy,dog_life,Informational,calculators/dog-life.html,calculators/dog-age.html|blog/dog-age-science.html,Beagle Life Expectancy: What Owners Should Know,High,pending,,
yorkshire terrier life expectancy,yorkshire-terrier-life-expectancy,dog_life,Informational,calculators/dog-life.html,calculators/dog-age.html|blog/dog-age-science.html,Yorkshire Terrier Life Expectancy: What Owners Should Know,High,pending,,
chihuahua life expectancy,chihuahua-life-expectancy,dog_life,Informational,calculators/dog-life.html,calculators/dog-age.html|blog/dog-age-science.html,Chihuahua Life Expectancy: What Owners Should Know,High,pending,,
shih tzu life expectancy,shih-tzu-life-expectancy,dog_life,Informational,calculators/dog-life.html,calculators/dog-age.html|blog/dog-age-science.html,Shih Tzu Life Expectancy: What Owners Should Know,High,pending,,
dachshund life expectancy,dachshund-life-expectancy,dog_life,Informational,calculators/dog-life.html,calculators/dog-age.html|blog/dog-age-science.html,Dachshund Life Expectancy: What Owners Should Know,High,pending,,
boxer life expectancy,boxer-life-expectancy,dog_life,Informational,calculators/dog-life.html,calculators/dog-age.html|blog/dog-age-science.html,Boxer Life Expectancy: What Owners Should Know,High,pending,,
cat life expectancy calculator,cat-life-expectancy-calculator,cat_life,Informational,calculators/cat-life.html,calculators/cat-age.html|blog/indoor-vs-outdoor-cats.html,Cat Life Expectancy Calculator,Medium,pending,,
average lifespan of a cat,average-lifespan-of-a-cat,cat_life,Informational,calculators/cat-life.html,calculators/cat-age.html|blog/indoor-vs-outdoor-cats.html,Average Lifespan of a Cat (Indoor vs Outdoor),Medium,pending,,
indoor cat life expectancy,indoor-cat-life-expectancy,cat_life,Informational,calculators/cat-life.html,calculators/cat-age.html|blog/indoor-vs-outdoor-cats.html,Indoor Cat Life Expectancy: The Numbers,Medium,pending,,
maine coon life expectancy,maine-coon-life-expectancy,cat_life,Informational,calculators/cat-life.html,calculators/cat-age.html|blog/indoor-vs-outdoor-cats.html,Maine Coon Life Expectancy,Medium,pending,,
ragdoll life expectancy,ragdoll-life-expectancy,cat_life,Informational,calculators/cat-life.html,calculators/cat-age.html|blog/indoor-vs-outdoor-cats.html,Ragdoll Life Expectancy,Medium,pending,,
persian life expectancy,persian-life-expectancy,cat_life,Informational,calculators/cat-life.html,calculators/cat-age.html|blog/indoor-vs-outdoor-cats.html,Persian Life Expectancy,Medium,pending,,
siamese life expectancy,siamese-life-expectancy,cat_life,Informational,calculators/cat-life.html,calculators/cat-age.html|blog/indoor-vs-outdoor-cats.html,Siamese Life Expectancy,Medium,pending,,
british shorthair life expectancy,british-shorthair-life-expectancy,cat_life,Informational,calculators/cat-life.html,calculators/cat-age.html|blog/indoor-vs-outdoor-cats.html,British Shorthair Life Expectancy,Medium,pending,,
bengal life expectancy,bengal-life-expectancy,cat_life,Informational,calculators/cat-life.html,calculators/cat-age.html|blog/indoor-vs-outdoor-cats.html,Bengal Life Expectancy,Medium,pending,,
dog pregnancy calculator,dog-pregnancy-calculator,dog_pregnancy,Informational,calculators/dog-pregnancy.html,calculators/puppy-weight.html|calculators/dog-calorie.html,Dog Pregnancy Calculator: Due Date From Mating Date,Medium,pending,,
how long are dogs pregnant,how-long-are-dogs-pregnant,dog_pregnancy,Informational,calculators/dog-pregnancy.html,calculators/puppy-weight.html|calculators/dog-calorie.html,How Long Are Dogs Pregnant? (63 Days Explained),Medium,pending,,
dog gestation period calculator,dog-gestation-period-calculator,dog_pregnancy,Informational,calculators/dog-pregnancy.html,calculators/puppy-weight.html|calculators/dog-calorie.html,Dog Gestation Period Calculator,Medium,pending,,
dog pregnancy timeline by week,dog-pregnancy-timeline-by-week,dog_pregnancy,Informational,calculators/dog-pregnancy.html,calculators/puppy-weight.html|calculators/dog-calorie.html,Dog Pregnancy Timeline by Week,Medium,pending,,
signs your dog is pregnant,signs-your-dog-is-pregnant,dog_pregnancy,Informational,calculators/dog-pregnancy.html,calculators/puppy-weight.html|calculators/dog-calorie.html,Signs Your Dog Is Pregnant,Medium,pending,,
how many puppies will my dog have,how-many-puppies-will-my-dog-have,dog_pregnancy,Informational,calculators/dog-pregnancy.html,calculators/puppy-weight.html|calculators/dog-calorie.html,How Many Puppies Will My Dog Have?,Medium,pending,,
dog pregnancy calculator by due date,dog-pregnancy-calculator-by-due-date,dog_pregnancy,Informational,calculators/dog-pregnancy.html,calculators/puppy-weight.html|calculators/dog-calorie.html,Dog Pregnancy Calculator by Due Date,Medium,pending,,
what to feed a pregnant dog,what-to-feed-a-pregnant-dog,dog_pregnancy,Informational,calculators/dog-pregnancy.html,calculators/puppy-weight.html|calculators/dog-calorie.html,What to Feed a Pregnant Dog: Calorie Needs,Medium,pending,,
dog labor signs and timeline,dog-labor-signs-and-timeline,dog_pregnancy,Informational,calculators/dog-pregnancy.html,calculators/puppy-weight.html|calculators/dog-calorie.html,Dog Labor Signs and Timeline,Medium,pending,,
prenatal care for pregnant dogs,prenatal-care-for-pregnant-dogs,dog_pregnancy,Informational,calculators/dog-pregnancy.html,calculators/puppy-weight.html|calculators/dog-calorie.html,Prenatal Care for Pregnant Dogs,Medium,pending,,
cat pregnancy calculator,cat-pregnancy-calculator,cat_pregnancy,Informational,calculators/cat-pregnancy.html,calculators/puppy-weight.html|calculators/cat-calorie.html,Cat Pregnancy Calculator: Queening Date From Mating,Medium,pending,,
how long are cats pregnant,how-long-are-cats-pregnant,cat_pregnancy,Informational,calculators/cat-pregnancy.html,calculators/puppy-weight.html|calculators/cat-calorie.html,How Long Are Cats Pregnant? (65 Days),Medium,pending,,
cat gestation period calculator,cat-gestation-period-calculator,cat_pregnancy,Informational,calculators/cat-pregnancy.html,calculators/puppy-weight.html|calculators/cat-calorie.html,Cat Gestation Period Calculator,Medium,pending,,
signs your cat is pregnant,signs-your-cat-is-pregnant,cat_pregnancy,Informational,calculators/cat-pregnancy.html,calculators/puppy-weight.html|calculators/cat-calorie.html,Signs Your Cat Is Pregnant,Medium,pending,,
how many kittens will my cat have,how-many-kittens-will-my-cat-have,cat_pregnancy,Informational,calculators/cat-pregnancy.html,calculators/puppy-weight.html|calculators/cat-calorie.html,How Many Kittens Will My Cat Have?,Medium,pending,,
cat pregnancy timeline by week,cat-pregnancy-timeline-by-week,cat_pregnancy,Informational,calculators/cat-pregnancy.html,calculators/puppy-weight.html|calculators/cat-calorie.html,Cat Pregnancy Timeline by Week,Medium,pending,,
what to feed a pregnant cat,what-to-feed-a-pregnant-cat,cat_pregnancy,Informational,calculators/cat-pregnancy.html,calculators/puppy-weight.html|calculators/cat-calorie.html,What to Feed a Pregnant Cat,Medium,pending,,
cat labor signs and timeline,cat-labor-signs-and-timeline,cat_pregnancy,Informational,calculators/cat-pregnancy.html,calculators/puppy-weight.html|calculators/cat-calorie.html,Cat Labor Signs and Timeline,Medium,pending,,
dog water intake calculator,dog-water-intake-calculator,dog_water,Informational,calculators/dog-water.html,calculators/dog-calorie.html|calculators/pet-bmi.html,Dog Water Intake Calculator: How Much Water Per Day,Medium,pending,,
how much water should a dog drink per day,how-much-water-should-a-dog-drink-per-day,dog_water,Informational,calculators/dog-water.html,calculators/dog-calorie.html|calculators/pet-bmi.html,How Much Water Should a Dog Drink per Day?,Medium,pending,,
dog drinking too much water causes,dog-drinking-too-much-water-causes,dog_water,Informational,calculators/dog-water.html,calculators/dog-calorie.html|calculators/pet-bmi.html,Dog Drinking Too Much Water: Possible Causes,Medium,pending,,
how to get my dog to drink more water,how-to-get-my-dog-to-drink-more-water,dog_water,Informational,calculators/dog-water.html,calculators/dog-calorie.html|calculators/pet-bmi.html,How to Get My Dog to Drink More Water,Medium,pending,,
cat water intake calculator,cat-water-intake-calculator,cat_water,Informational,calculators/cat-water.html,calculators/cat-calorie.html|calculators/cat-life.html,Cat Water Intake Calculator,Medium,pending,,
how much water should a cat drink per day,how-much-water-should-a-cat-drink-per-day,cat_water,Informational,calculators/cat-water.html,calculators/cat-calorie.html|calculators/cat-life.html,How Much Water Should a Cat Drink per Day?,Medium,pending,,
cat not drinking water how to help,cat-not-drinking-water-how-to-help,cat_water,Informational,calculators/cat-water.html,calculators/cat-calorie.html|calculators/cat-life.html,Cat Not Drinking Water: How to Help,Medium,pending,,
wet food and cat hydration,wet-food-and-cat-hydration,cat_water,Informational,calculators/cat-water.html,calculators/cat-calorie.html|calculators/cat-life.html,Wet Food and Cat Hydration: The Calculator Connection,Medium,pending,,
dog water needs in summer,dog-water-needs-in-summer,dog_water,Informational,calculators/dog-water.html,calculators/dog-calorie.html|calculators/pet-bmi.html,Dog Water Needs in Summer: Staying Hydrated,Medium,pending,,
dehydration in dogs signs,dehydration-in-dogs-signs,dog_water,Informational,calculators/dog-water.html,calculators/dog-calorie.html|calculators/pet-bmi.html,Dehydration in Dogs: Signs and Prevention,Medium,pending,,
pet bmi calculator,pet-bmi-calculator,pet_bmi,Informational,calculators/pet-bmi.html,calculators/dog-calorie.html|calculators/dog-water.html|calculators/cat-calorie.html,Pet BMI Calculator: Is Your Pet at a Healthy Weight?,Medium,pending,,
how to tell if my dog is overweight,how-to-tell-if-my-dog-is-overweight,pet_bmi,Informational,calculators/pet-bmi.html,calculators/dog-calorie.html|calculators/dog-water.html|calculators/cat-calorie.html,How to Tell If My Dog Is Overweight (BCS at Home),Medium,pending,,
ideal weight for my dog calculator,ideal-weight-for-my-dog-calculator,pet_bmi,Informational,calculators/pet-bmi.html,calculators/dog-calorie.html|calculators/dog-water.html|calculators/cat-calorie.html,Ideal Weight for My Dog: Calculator and Chart,Medium,pending,,
dog body condition score chart,dog-body-condition-score-chart,pet_bmi,Informational,calculators/pet-bmi.html,calculators/dog-calorie.html|calculators/dog-water.html|calculators/cat-calorie.html,Dog Body Condition Score Chart: Score Your Dog at Home,Medium,pending,,
cat body condition score chart,cat-body-condition-score-chart,pet_bmi,Informational,calculators/pet-bmi.html,calculators/dog-calorie.html|calculators/dog-water.html|calculators/cat-calorie.html,Cat Body Condition Score Chart,Medium,pending,,
how to help my cat lose weight,how-to-help-my-cat-lose-weight,pet_bmi,Informational,calculators/pet-bmi.html,calculators/dog-calorie.html|calculators/dog-water.html|calculators/cat-calorie.html,How to Help My Cat Lose Weight Safely,Medium,pending,,
is my dog obese,is-my-dog-obese,pet_bmi,Informational,calculators/pet-bmi.html,calculators/dog-calorie.html|calculators/dog-water.html|calculators/cat-calorie.html,"Is My Dog Obese? BMI, BCS, and Next Steps",Medium,pending,,
safe weight loss for pets,safe-weight-loss-for-pets,pet_bmi,Informational,calculators/pet-bmi.html,calculators/dog-calorie.html|calculators/dog-water.html|calculators/cat-calorie.html,Safe Weight Loss for Pets: Why Crash Diets Fail,Medium,pending,,
dog weight loss calculator,dog-weight-loss-calculator,pet_bmi,Informational,calculators/pet-bmi.html,calculators/dog-calorie.html|calculators/dog-water.html|calculators/cat-calorie.html,Dog Weight Loss Calculator: Daily Calorie Target,Medium,pending,,
cat weight loss calculator,cat-weight-loss-calculator,pet_bmi,Informational,calculators/pet-bmi.html,calculators/dog-calorie.html|calculators/dog-water.html|calculators/cat-calorie.html,Cat Weight Loss Calculator,Medium,pending,,
puppy weight predictor,puppy-weight-predictor,puppy,Informational,calculators/puppy-weight.html,calculators/dog-age.html|calculators/dog-calorie.html|calculators/dog-pregnancy.html,Puppy Weight Predictor: How Big Will My Puppy Get?,Medium,pending,,
puppy weight calculator by age,puppy-weight-calculator-by-age,puppy,Informational,calculators/puppy-weight.html,calculators/dog-age.html|calculators/dog-calorie.html|calculators/dog-pregnancy.html,Puppy Weight Calculator by Age,Medium,pending,,
how big will my puppy get calculator,how-big-will-my-puppy-get-calculator,puppy,Informational,calculators/puppy-weight.html,calculators/dog-age.html|calculators/dog-calorie.html|calculators/dog-pregnancy.html,How Big Will My Puppy Get? Calculator by Breed,Medium,pending,,
puppy growth chart by breed,puppy-growth-chart-by-breed,puppy,Informational,calculators/puppy-weight.html,calculators/dog-age.html|calculators/dog-calorie.html|calculators/dog-pregnancy.html,Puppy Growth Chart by Breed,Medium,pending,,
puppy weight gain per week,puppy-weight-gain-per-week,puppy,Informational,calculators/puppy-weight.html,calculators/dog-age.html|calculators/dog-calorie.html|calculators/dog-pregnancy.html,Puppy Weight Gain per Week: Normal Ranges,Medium,pending,,
when do puppies stop growing,when-do-puppies-stop-growing,puppy,Informational,calculators/puppy-weight.html,calculators/dog-age.html|calculators/dog-calorie.html|calculators/dog-pregnancy.html,When Do Puppies Stop Growing? Breed-by-Breed,Medium,pending,,
puppy feeding chart by weight,puppy-feeding-chart-by-weight,puppy,Informational,calculators/puppy-weight.html,calculators/dog-age.html|calculators/dog-calorie.html|calculators/dog-pregnancy.html,Puppy Feeding Chart by Weight and Age,Medium,pending,,
how much to feed a puppy calculator,how-much-to-feed-a-puppy-calculator,puppy,Informational,calculators/puppy-weight.html,calculators/dog-age.html|calculators/dog-calorie.html|calculators/dog-pregnancy.html,How Much to Feed a Puppy: Calorie Calculator,Medium,pending,,
small breed puppy growth chart,small-breed-puppy-growth-chart,puppy,Informational,calculators/puppy-weight.html,calculators/dog-age.html|calculators/dog-calorie.html|calculators/dog-pregnancy.html,Small Breed Puppy Growth Chart,Medium,pending,,
large breed puppy growth chart,large-breed-puppy-growth-chart,puppy,Informational,calculators/puppy-weight.html,calculators/dog-age.html|calculators/dog-calorie.html|calculators/dog-pregnancy.html,Large Breed Puppy Growth Chart,Medium,pending,,
pet insurance cost calculator,pet-insurance-cost-calculator,pet_insurance,Commercial,calculators/pet-insurance.html,calculators/pet-sitting-rate.html|blog/indoor-vs-outdoor-cats.html,Pet Insurance Cost Calculator: What You'll Pay,High,pending,,
how much is pet insurance per month,how-much-is-pet-insurance-per-month,pet_insurance,Commercial,calculators/pet-insurance.html,calculators/pet-sitting-rate.html|blog/indoor-vs-outdoor-cats.html,How Much Is Pet Insurance per Month?,High,pending,,
best pet insurance for dogs by breed,best-pet-insurance-for-dogs-by-breed,pet_insurance,Commercial,calculators/pet-insurance.html,calculators/pet-sitting-rate.html|blog/indoor-vs-outdoor-cats.html,Best Pet Insurance for Dogs by Breed,High,pending,,
is pet insurance worth it,is-pet-insurance-worth-it,pet_insurance,Commercial,calculators/pet-insurance.html,calculators/pet-sitting-rate.html|blog/indoor-vs-outdoor-cats.html,Is Pet Insurance Worth It? A Calculator-Based View,High,pending,,
pet insurance for older dogs,pet-insurance-for-older-dogs,pet_insurance,Commercial,calculators/pet-insurance.html,calculators/pet-sitting-rate.html|blog/indoor-vs-outdoor-cats.html,Pet Insurance for Older Dogs: Costs and Coverage,High,pending,,
cat insurance cost calculator,cat-insurance-cost-calculator,pet_insurance,Commercial,calculators/pet-insurance.html,calculators/pet-sitting-rate.html|blog/indoor-vs-outdoor-cats.html,Cat Insurance Cost Calculator,High,pending,,
pet insurance deductible explained,pet-insurance-deductible-explained,pet_insurance,Commercial,calculators/pet-insurance.html,calculators/pet-sitting-rate.html|blog/indoor-vs-outdoor-cats.html,Pet Insurance Deductible Explained,High,pending,,
accident vs illness pet insurance,accident-vs-illness-pet-insurance,pet_insurance,Commercial,calculators/pet-insurance.html,calculators/pet-sitting-rate.html|blog/indoor-vs-outdoor-cats.html,Accident vs Illness Pet Insurance,High,pending,,
pet insurance for puppies,pet-insurance-for-puppies,pet_insurance,Commercial,calculators/pet-insurance.html,calculators/pet-sitting-rate.html|blog/indoor-vs-outdoor-cats.html,Pet Insurance for Puppies: When to Enroll,High,pending,,
what does pet insurance not cover,what-does-pet-insurance-not-cover,pet_insurance,Commercial,calculators/pet-insurance.html,calculators/pet-sitting-rate.html|blog/indoor-vs-outdoor-cats.html,What Does Pet Insurance Not Cover?,High,pending,,
labrador retriever pet insurance cost,labrador-retriever-pet-insurance-cost,pet_insurance,Commercial,calculators/pet-insurance.html,calculators/pet-sitting-rate.html|blog/indoor-vs-outdoor-cats.html,Labrador Retriever Pet Insurance Cost: What to Expect,High,pending,,
golden retriever pet insurance cost,golden-retriever-pet-insurance-cost,pet_insurance,Commercial,calculators/pet-insurance.html,calculators/pet-sitting-rate.html|blog/indoor-vs-outdoor-cats.html,Golden Retriever Pet Insurance Cost: What to Expect,High,pending,,
french bulldog pet insurance cost,french-bulldog-pet-insurance-cost,pet_insurance,Commercial,calculators/pet-insurance.html,calculators/pet-sitting-rate.html|blog/indoor-vs-outdoor-cats.html,French Bulldog Pet Insurance Cost: What to Expect,High,pending,,
german shepherd pet insurance cost,german-shepherd-pet-insurance-cost,pet_insurance,Commercial,calculators/pet-insurance.html,calculators/pet-sitting-rate.html|blog/indoor-vs-outdoor-cats.html,German Shepherd Pet Insurance Cost: What to Expect,High,pending,,
bulldog pet insurance cost,bulldog-pet-insurance-cost,pet_insurance,Commercial,calculators/pet-insurance.html,calculators/pet-sitting-rate.html|blog/indoor-vs-outdoor-cats.html,Bulldog Pet Insurance Cost: What to Expect,High,pending,,
poodle pet insurance cost,poodle-pet-insurance-cost,pet_insurance,Commercial,calculators/pet-insurance.html,calculators/pet-sitting-rate.html|blog/indoor-vs-outdoor-cats.html,Poodle Pet Insurance Cost: What to Expect,High,pending,,
pet sitting rate calculator,pet-sitting-rate-calculator,pet_sitting,Commercial,calculators/pet-sitting-rate.html,calculators/pet-travel-cost.html|calculators/pet-insurance.html,Pet Sitting Rate Calculator: What to Charge or Pay,Medium,pending,,
how much to charge for dog sitting,how-much-to-charge-for-dog-sitting,pet_sitting,Commercial,calculators/pet-sitting-rate.html,calculators/pet-travel-cost.html|calculators/pet-insurance.html,How Much to Charge for Dog Sitting per Day,Medium,pending,,
average pet sitting rates 2026,average-pet-sitting-rates-2026,pet_sitting,Commercial,calculators/pet-sitting-rate.html,calculators/pet-travel-cost.html|calculators/pet-insurance.html,Average Pet Sitting Rates in 2026,Medium,pending,,
overnight pet sitting rate,overnight-pet-sitting-rate,pet_sitting,Commercial,calculators/pet-sitting-rate.html,calculators/pet-travel-cost.html|calculators/pet-insurance.html,Overnight Pet Sitting Rate: What's Fair,Medium,pending,,
dog walking and pet sitting rates,dog-walking-and-pet-sitting-rates,pet_sitting,Commercial,calculators/pet-sitting-rate.html,calculators/pet-travel-cost.html|calculators/pet-insurance.html,Dog Walking and Pet Sitting Rates,Medium,pending,,
how much to pay a house sitter for pets,how-much-to-pay-a-house-sitter-for-pets,pet_sitting,Commercial,calculators/pet-sitting-rate.html,calculators/pet-travel-cost.html|calculators/pet-insurance.html,How Much to Pay a House Sitter for Pets,Medium,pending,,
pet sitting rates by city,pet-sitting-rates-by-city,pet_sitting,Commercial,calculators/pet-sitting-rate.html,calculators/pet-travel-cost.html|calculators/pet-insurance.html,Pet Sitting Rates by City,Medium,pending,,
holiday pet sitting surcharge,holiday-pet-sitting-surcharge,pet_sitting,Commercial,calculators/pet-sitting-rate.html,calculators/pet-travel-cost.html|calculators/pet-insurance.html,Holiday Pet Sitting Surcharge: What to Expect,Medium,pending,,
pet travel cost calculator,pet-travel-cost-calculator,pet_travel,Commercial,calculators/pet-travel-cost.html,calculators/pet-sitting-rate.html|calculators/pet-insurance.html,Pet Travel Cost Calculator: Flying and Driving With Pets,Medium,pending,,
how much does it cost to fly with a dog,how-much-does-it-cost-to-fly-with-a-dog,pet_travel,Commercial,calculators/pet-travel-cost.html,calculators/pet-sitting-rate.html|calculators/pet-insurance.html,How Much Does It Cost to Fly With a Dog?,Medium,pending,,
pet travel crate size calculator,pet-travel-crate-size-calculator,pet_travel,Commercial,calculators/pet-travel-cost.html,calculators/pet-sitting-rate.html|calculators/pet-insurance.html,Pet Travel Crate Size Calculator,Medium,pending,,
flying with a cat what you need,flying-with-a-cat-what-you-need,pet_travel,Commercial,calculators/pet-travel-cost.html,calculators/pet-sitting-rate.html|calculators/pet-insurance.html,Flying With a Cat: What You Need,Medium,pending,,
road trip with a dog costs,road-trip-with-a-dog-costs,pet_travel,Commercial,calculators/pet-travel-cost.html,calculators/pet-sitting-rate.html|calculators/pet-insurance.html,Road Trip With a Dog: Estimating the Costs,Medium,pending,,
pet passport and travel requirements,pet-passport-and-travel-requirements,pet_travel,Commercial,calculators/pet-travel-cost.html,calculators/pet-sitting-rate.html|calculators/pet-insurance.html,Pet Passport and Travel Requirements,Medium,pending,,
how to travel with an anxious dog,how-to-travel-with-an-anxious-dog,pet_travel,Commercial,calculators/pet-travel-cost.html,calculators/pet-sitting-rate.html|calculators/pet-insurance.html,How to Travel With an Anxious Dog,Medium,pending,,
international pet travel cost,international-pet-travel-cost,pet_travel,Commercial,calculators/pet-travel-cost.html,calculators/pet-sitting-rate.html|calculators/pet-insurance.html,International Pet Travel Cost: A Breakdown,Medium,pending,,
pet food cost calculator,pet-food-cost-calculator,food_cost,Commercial,calculators/food-cost.html,calculators/dog-calorie.html|calculators/cat-calorie.html|calculators/dog-breed-calorie.html,Pet Food Cost Calculator: Monthly and Yearly Spend,Medium,pending,,
how much does dog food cost per month,how-much-does-dog-food-cost-per-month,food_cost,Commercial,calculators/food-cost.html,calculators/dog-calorie.html|calculators/cat-calorie.html|calculators/dog-breed-calorie.html,How Much Does Dog Food Cost per Month?,Medium,pending,,
how much does cat food cost per month,how-much-does-cat-food-cost-per-month,food_cost,Commercial,calculators/food-cost.html,calculators/dog-calorie.html|calculators/cat-calorie.html|calculators/dog-breed-calorie.html,How Much Does Cat Food Cost per Month?,Medium,pending,,
raw vs kibble cost calculator,raw-vs-kibble-cost-calculator,food_cost,Commercial,calculators/food-cost.html,calculators/dog-calorie.html|calculators/cat-calorie.html|calculators/dog-breed-calorie.html,Raw vs Kibble Cost Calculator for Dogs,Medium,pending,,
best value dog food by calorie,best-value-dog-food-by-calorie,food_cost,Commercial,calculators/food-cost.html,calculators/dog-calorie.html|calculators/cat-calorie.html|calculators/dog-breed-calorie.html,Best Value Dog Food by Calorie (Not by Bag),Medium,pending,,
how to budget for pet food,how-to-budget-for-pet-food,food_cost,Commercial,calculators/food-cost.html,calculators/dog-calorie.html|calculators/cat-calorie.html|calculators/dog-breed-calorie.html,How to Budget for Pet Food,Medium,pending,,
cost of feeding a large breed dog,cost-of-feeding-a-large-breed-dog,food_cost,Commercial,calculators/food-cost.html,calculators/dog-calorie.html|calculators/cat-calorie.html|calculators/dog-breed-calorie.html,Cost of Feeding a Large Breed Dog,Medium,pending,,
cost of feeding a cat per year,cost-of-feeding-a-cat-per-year,food_cost,Commercial,calculators/food-cost.html,calculators/dog-calorie.html|calculators/cat-calorie.html|calculators/dog-breed-calorie.html,Cost of Feeding a Cat per Year,Medium,pending,,
aquarium calculator tank size,aquarium-calculator-tank-size,aquarium,Informational,calculators/aquarium-calculator.html,calculators/food-cost.html,Aquarium Calculator: What Tank Size Do You Need?,Low,pending,,
how many fish per gallon calculator,how-many-fish-per-gallon-calculator,aquarium,Informational,calculators/aquarium-calculator.html,calculators/food-cost.html,How Many Fish per Gallon: The Calculator Rule,Low,pending,,
aquarium gallon to liter converter,aquarium-gallon-to-liter-converter,aquarium,Informational,calculators/aquarium-calculator.html,calculators/food-cost.html,Aquarium Gallon to Liter Converter,Low,pending,,
tank stocking calculator,tank-stocking-calculator,aquarium,Informational,calculators/aquarium-calculator.html,calculators/food-cost.html,Tank Stocking Calculator: Avoid Overcrowding,Low,pending,,
aquarium substrate calculator,aquarium-substrate-calculator,aquarium,Informational,calculators/aquarium-calculator.html,calculators/food-cost.html,Aquarium Substrate Calculator: How Much Gravel,Low,pending,,
heater size calculator for aquarium,heater-size-calculator-for-aquarium,aquarium,Informational,calculators/aquarium-calculator.html,calculators/food-cost.html,Heater Size Calculator for Your Aquarium,Low,pending,,
aquarium filter flow rate calculator,aquarium-filter-flow-rate-calculator,aquarium,Informational,calculators/aquarium-calculator.html,calculators/food-cost.html,Aquarium Filter Flow Rate Calculator,Low,pending,,
cycling a new aquarium guide,cycling-a-new-aquarium-guide,aquarium,Informational,calculators/aquarium-calculator.html,calculators/food-cost.html,Cycling a New Aquarium: Step-by-Step,Low,pending,,
how many neon tetras per gallon,how-many-neon-tetras-per-gallon,aquarium,Informational,calculators/aquarium-calculator.html,calculators/food-cost.html,How Many Neon Tetras per Gallon?,Low,pending,,
plankton to fish tank math,plankton-to-fish-tank-math,aquarium,Informational,calculators/aquarium-calculator.html,calculators/food-cost.html,Planted Tank Substrate Calculator,Low,pending,,
dog breed calorie needs comparison,dog-breed-calorie-needs-comparison,breed_care,Informational,calculators/dog-breed-calorie.html,calculators/dog-life.html|calculators/dog-calorie.html|calculators/pet-bmi.html,Dog Breed Calorie Needs: A Comparison,Medium,pending,,
full grown weight by dog breed,full-grown-weight-by-dog-breed,breed_care,Informational,calculators/dog-breed-calorie.html,calculators/dog-life.html|calculators/dog-calorie.html|calculators/pet-bmi.html,Full-Grown Weight by Dog Breed: Calculator-Backed,Medium,pending,,
best dog food for large breeds,best-dog-food-for-large-breeds,breed_care,Informational,calculators/dog-breed-calorie.html,calculators/dog-life.html|calculators/dog-calorie.html|calculators/pet-bmi.html,Best Dog Food for Large Breeds (Calorie-Smart),Medium,pending,,
best dog food for small breeds,best-dog-food-for-small-breeds,breed_care,Informational,calculators/dog-breed-calorie.html,calculators/dog-life.html|calculators/dog-calorie.html|calculators/pet-bmi.html,Best Dog Food for Small Breeds,Medium,pending,,
dog breed exercise needs calculator,dog-breed-exercise-needs-calculator,breed_care,Informational,calculators/dog-breed-calorie.html,calculators/dog-life.html|calculators/dog-calorie.html|calculators/pet-bmi.html,Dog Breed Exercise Needs: Calculator and Guide,Medium,pending,,
hypoallergenic dog breeds list,hypoallergenic-dog-breeds-list,breed_care,Informational,calculators/dog-breed-calorie.html,calculators/dog-life.html|calculators/dog-calorie.html|calculators/pet-bmi.html,Hypoallergenic Dog Breeds: What the Term Really Means,Medium,pending,,
best family dog breeds,best-family-dog-breeds,breed_care,Informational,calculators/dog-breed-calorie.html,calculators/dog-life.html|calculators/dog-calorie.html|calculators/pet-bmi.html,Best Family Dog Breeds: Temperament and Care,Medium,pending,,
calm dog breeds for apartments,calm-dog-breeds-for-apartments,breed_care,Informational,calculators/dog-breed-calorie.html,calculators/dog-life.html|calculators/dog-calorie.html|calculators/pet-bmi.html,Calm Dog Breeds for Apartments,Medium,pending,,
high energy dog breeds exercise,high-energy-dog-breeds-exercise,breed_care,Informational,calculators/dog-breed-calorie.html,calculators/dog-life.html|calculators/dog-calorie.html|calculators/pet-bmi.html,High-Energy Dog Breeds and Their Exercise Needs,Medium,pending,,
dog breed lifespan comparison,dog-breed-lifespan-comparison,breed_care,Informational,calculators/dog-breed-calorie.html,calculators/dog-life.html|calculators/dog-calorie.html|calculators/pet-bmi.html,Dog Breed Lifespan Comparison,Medium,pending,,
macadamia nuts toxic to dogs,macadamia-nuts-toxic-to-dogs,other_toxin,Informational,calculators/chocolate-toxicity.html,calculators/grape-toxicity.html|calculators/xylitol-toxicity.html|calculators/onion-toxicity.html,Are Macadamia Nuts Toxic to Dogs?,High,pending,,
alcohol poisoning in dogs,alcohol-poisoning-in-dogs,other_toxin,Informational,calculators/chocolate-toxicity.html,calculators/grape-toxicity.html|calculators/xylitol-toxicity.html|calculators/onion-toxicity.html,Alcohol Poisoning in Dogs: What to Do,High,pending,,
caffeine toxicity in dogs,caffeine-toxicity-in-dogs,other_toxin,Informational,calculators/chocolate-toxicity.html,calculators/grape-toxicity.html|calculators/xylitol-toxicity.html|calculators/onion-toxicity.html,"Caffeine Toxicity in Dogs: Coffee, Tea, and Energy Drinks",High,pending,,
avocado toxicity in dogs and cats,avocado-toxicity-in-dogs-and-cats,other_toxin,Informational,calculators/onion-toxicity.html,calculators/grape-toxicity.html|calculators/xylitol-toxicity.html|calculators/onion-toxicity.html,Is Avocado Toxic to Pets?,High,pending,,
garlic powder danger for dogs,garlic-powder-danger-for-dogs,other_toxin,Informational,calculators/onion-toxicity.html,calculators/grape-toxicity.html|calculators/xylitol-toxicity.html|calculators/onion-toxicity.html,Garlic Powder Danger for Dogs,High,pending,,
raw bread dough danger dogs,raw-bread-dough-danger-dogs,other_toxin,Informational,calculators/chocolate-toxicity.html,calculators/grape-toxicity.html|calculators/xylitol-toxicity.html|calculators/onion-toxicity.html,Why Raw Bread Dough Is Dangerous for Dogs,High,pending,,
cherries toxic to dogs,cherries-toxic-to-dogs,other_toxin,Informational,calculators/grape-toxicity.html,calculators/grape-toxicity.html|calculators/xylitol-toxicity.html|calculators/onion-toxicity.html,Are Cherries Toxic to Dogs?,High,pending,,
peach pits toxic to dogs,peach-pits-toxic-to-dogs,other_toxin,Informational,calculators/grape-toxicity.html,calculators/grape-toxicity.html|calculators/xylitol-toxicity.html|calculators/onion-toxicity.html,Are Peach Pits Toxic to Dogs?,High,pending,,
rhubarb toxicity in dogs,rhubarb-toxicity-in-dogs,other_toxin,Informational,calculators/onion-toxicity.html,calculators/grape-toxicity.html|calculators/xylitol-toxicity.html|calculators/onion-toxicity.html,Is Rhubarb Toxic to Dogs?,High,pending,,
hops toxicity in dogs,hops-toxicity-in-dogs,other_toxin,Informational,calculators/chocolate-toxicity.html,calculators/grape-toxicity.html|calculators/xylitol-toxicity.html|calculators/onion-toxicity.html,Hops Toxicity in Dogs: Home-Brew Hazard,High,pending,,
marijuana toxicity in dogs,marijuana-toxicity-in-dogs,other_toxin,Informational,calculators/chocolate-toxicity.html,calculators/grape-toxicity.html|calculators/xylitol-toxicity.html|calculators/onion-toxicity.html,Marijuana Toxicity in Dogs,High,pending,,
yeast dough bloat dogs,yeast-dough-bloat-dogs,other_toxin,Informational,calculators/chocolate-toxicity.html,calculators/grape-toxicity.html|calculators/xylitol-toxicity.html|calculators/onion-toxicity.html,Yeast Dough and Bloat in Dogs,High,pending,,
is peanut butter safe for dogs,is-peanut-butter-safe-for-dogs,general,Informational,calculators/xylitol-toxicity.html,calculators/dog-calorie.html|calculators/chocolate-toxicity.html,Is Peanut Butter Safe for Dogs? (Check for Xylitol),Low,pending,,
human foods toxic to dogs list,human-foods-toxic-to-dogs-list,general,Informational,calculators/chocolate-toxicity.html,calculators/dog-calorie.html|calculators/chocolate-toxicity.html,Human Foods Toxic to Dogs: The Full List,Low,pending,,
how long can a dog go without water,how-long-can-a-dog-go-without-water,general,Informational,calculators/dog-water.html,calculators/dog-calorie.html|calculators/chocolate-toxicity.html,How Long Can a Dog Go Without Water?,Low,pending,,
how long can a cat go without water,how-long-can-a-cat-go-without-water,general,Informational,calculators/cat-water.html,calculators/dog-calorie.html|calculators/chocolate-toxicity.html,How Long Can a Cat Go Without Water?,Low,pending,,
best way to brush a dog's teeth,best-way-to-brush-a-dog-s-teeth,general,Informational,calculators/pet-insurance.html,calculators/dog-calorie.html|calculators/chocolate-toxicity.html,Best Way to Brush a Dog's Teeth,Low,pending,,
how to introduce a new dog to a cat,how-to-introduce-a-new-dog-to-a-cat,general,Informational,calculators/cat-life.html,calculators/dog-calorie.html|calculators/chocolate-toxicity.html,How to Introduce a New Dog to a Cat,Low,pending,,
dog zoomies explained,dog-zoomies-explained,general,Informational,calculators/dog-age.html,calculators/dog-calorie.html|calculators/chocolate-toxicity.html,Dog Zoomies Explained,Low,pending,,
why does my cat knead,why-does-my-cat-knead,general,Informational,calculators/cat-age.html,calculators/dog-calorie.html|calculators/chocolate-toxicity.html,Why Does My Cat Knead? (And Other Quirks),Low,pending,,
pet proofing your home checklist,pet-proofing-your-home-checklist,general,Informational,index.html,calculators/dog-calorie.html|calculators/chocolate-toxicity.html,Pet-Proofing Your Home: A Checklist,Low,pending,,
how to choose a vet,how-to-choose-a-vet,general,Informational,calculators/pet-insurance.html,calculators/dog-calorie.html|calculators/chocolate-toxicity.html,How to Choose a Vet for Your Pet,Low,pending,,
